,name,text,img,imgs
0,"

					О льготах...
","
ВНИМАНИЕ! Курсанты, обучающиеся за счет бюджетных ассигнований федерального бюджета по очной форме обучения, имеющие статус детей-сирот и детей, оставшихся без попечения родителей, имеют право на получение  дополнительных гарантий из федерального бюджета по социальной поддержке
(либо, по желанию обучающегося, на получение денежной компенсации)
согласно ФЗ от 21.12.1996 года № 159-ФЗ «О дополнительных гарантиях по социальной поддержке детей-сирот и детей, оставшихся без попечения родителей»:
- обеспечение бесплатным питанием;
- обеспечение бесплатным комплектом одежды, обуви и мягким инвентарём;
- выплату пособия на приобретение учебной литературы и письменных принадлежностей;
- возмещение расходов на проезд в городском и пригородном транспорте, в сельской местности на внутрирайонном транспорте (кроме такси),
- возмещение расходов на проезд один раз в год к месту жительства и обратно, к месту учёбы;
Примечание: выплаты производятся по личному заявлению, возмещение расходов на проезд осуществляется на основании предоставленных проездных, билетов, посадочных талонов, квитанций и т.д.
          Кроме того, один раз за все периоды обучения:
- выплачивается компенсация на приобретение одежды, обуви, мягкого инвентаря и оборудования при выпуске.
-  выплату единовременного денежного пособия выпускникам.
        По имеющимся вопросам обращаться по тел. 8 (8422) 39- 82- 75.
",[],[]
1,"

					О переводе или зачислении граждан Российской Федерации, а также от граждан Украины, Донецкой и Луганских народных республик,
","

По вопросам приема  заявлений о переводе или зачислении от граждан Российской Федерации, а также от граждан Украины, Донецкой и Луганских народных республик, вынужденно покинувших территорию республик и прибывших на территорию Российской Федерации, изъявивших желание перевестись в ФГБОУ ВО «Ульяновский институт гражданской авиации имени Главного маршала авиации Б.П, Бугаева»обращаться по телефону: 8(8422) 39-81-40 и эл. почта: 
Этот адрес электронной почты защищен от спам-ботов. У вас должен быть включен JavaScript для просмотра.
   Файзуллин Радик Рамзиевич, проректор по образовательной работе.

 Обратиться за помощью и задать вопросы можно по телефонам горячих линий Минобрнауки России:
7 (495) 547-1366 (доб. 7224) - для граждан Российской Федерации (кроме ДНР, ЛНР и Украины)
7 (495) 547-1366 (доб. 7225) - для граждан Донецкой и Луганской Народных Республик и Украины
7 (495) 122-22-68 - для иностранных граждан желающий обучаться или обучающихся в рамках квоты Правительства РФ (кроме ДНР, ЛНР и Украины)
","['https://uvauga.ru//images/MainNews/VAZNO.jpg', 'https://uvauga.ru//images/img/razdel2.jpg']","['https://uvauga.ru//images/MainNews/VAZNO.jpg', 'https://uvauga.ru//images/img/razdel2.jpg']"
2,"

					Временное проживание в РФ в целях получения образования
","
Информация для иностранных граждан, планирующих обучаться и обучающихся в российских образовательных (научных) организацияхо возможности получения разрешения на временное проживание в Российской Федерации в целях получения образования
С 1 января 2023 года иностранным гражданам, проходящим обучение в государственной образовательной или государственной научной организации по очной форме по программам бакалавриата, специалитета, магистратуры, ординатуры, ассистентуры-стажировки, имеющим государственную аккредитацию,- или по программе подготовки научных- и научно-педагогических кадров в аспирантуре (адъюнктуре) в государственной образовательной или государственной научной организации., предоставлена возможность обратиться с заявлением о выдаче разрешения на временное проживание в целях получения образования (далее - РВПО) в соответствии со статьей 6.2 Федерального закона «О правовом положении иностранных граждан в Российской Федерации» (далее - Федеральный закон).РВПО выдается на срок освоения программы обучения и последующие сто восемьдесят календарных дней после окончания срока обучения, при положительном решении о выдаче РВПО в паспорт иностранного гражданина проставляется соответствующий штамп.Документы о выдаче РВПО подаются иностранным гражданином лично или через Единый портал государственных и муниципальных услуг в подразделение по вопросам миграции, на территории которого проходит обучение.РВПО предоставляет иностранным студентам и аспирантам ряд преимуществ: в случае, если иностранный гражданин прибыл в визовом порядке, ему будет выдана многократная виза на срок действия РВПО; отсутствует обязанность подавать ежегодно уведомление о подтверждении проживания в Российской Федерации в отличие от других режимов проживания в Российской Федерации; студент (аспирант), получивший РВПО, сможет находиться в Российской Федерации в течение всего срока обучения, а после завершения обучения еще полгода, в течение которых можно без выезда из Российской Федерации подать заявление о выдаче вида на жительство; возможность подать заявление о выдаче вида на жительство также предоставля­ ется в течение трех лет после завершения обучения без получения разрешения на вре­ менное проживание; подтверждение владения русским языком, знания истории и основ законода­ тельства Российской Федерации не требуется.При переходе на обучение по очно-заочной или заочной форме или досрочном прекращении обучения в государственной образовательной (научной) организации РВПО аннулируется.После аннулирования РВПО при наличии оснований иностранный гражданин вправе повторно обратиться с заявлением о выдаче РВПО без соблюдения срока, предусмотренного пунктом 6 статьи 6 Федерального закона (не ранее чем через один год со дня отклонения его предыдущего заявления о выдаче РВП либо аннулирования ранее выданного ему РВП).Более полная информация о получении РВПО размещена на сайте МВД России (мвд.рф) в разделе «Деятельность» подразделе «Государственные услуги/ Главного управления по вопросам миграции МВД России».
Основание: Письмо МИНОБРНАУКИ РОССИИ № МН-7/2577 от 29.05.2023г. 
",[],[]
3,"

					Учить. Вдохновлять. Развивать.
","

06 октября 2023 года в читальном зале научно-технической библиотеки института было организовано и проведено мероприятие, посвященное Году педагога и наставника в Российской Федерации «Учить.Вдохновлять. Развивать» с участием Декана факультета подготовки авиационных специалистов УИ ГА, кандидата экономических наук, доцента кафедры гуманитарных и социально-экономических дисциплин Зобова Павла Владимировича, доцента кафедры гуманитарных и социально-экономических дисциплин, кандидата педагогических наук Ерховой Марины Викторовны, на котором присутствовали курсанты 1 курса.
 
В рамках празднования Года педагога и наставника сотрудники НТБ подготовили ряд книжных выставок, на которых была представлена литература педагогической тематики, труды и биографии великих русских педагогов К.Д. Ушинского, А.С. Макаренко, Л.С. Выготского и др., а также учебно- методические пособия, составленные преподавателями УИ ГА. Совместно с дизайнером института были разработаны информационные стенды, на которых запечатлены моменты учебного процесса в УИ ГА и приведены высказывания известных людей о важности профессий педагогической направленности.Мероприятие завершилось торжественным награждением участников. В текущем году исполняется 100 лет гражданской авиации России, в связи с этим каждый присутствующий курсант получил памятный подарок: книгу Маслова М. А. «Поиски Леваневского» и пожелания успехов в освоении учебной программы, хороших оценок и больших достижений.
 
 
 
 
","['https://uvauga.ru//images/du.jpg', 'https://uvauga.ru//images/du2.jpg', 'https://uvauga.ru//images/du1.jpg', 'https://uvauga.ru//images/du3.jpg']","['https://uvauga.ru//images/du.jpg', 'https://uvauga.ru//images/du2.jpg', 'https://uvauga.ru//images/du1.jpg', 'https://uvauga.ru//images/du3.jpg']"
4,"

					VII молодежная научно-практическая конференция
","

Кафедра обеспечения авиационной безопасности совместно с Академией гражданской авиации республики Казахстан 05 октября 2023 года провели в режиме онлайн VII молодежную научно-практическую конференцию, посвященную Дню солидарности в борьбе с терроризмом. Кроме курсантов и преподавателей в обсуждении актуальных вопросов противодействию экстремизму и терроризму приняли участие представитель Аппарата антитеррористической комиссии в Ульяновской области Онуфрейчик Виктор Михайлович, директор центра патриотического воспитания Ульяновской области Почтарев Валерий Юрьевич.По результатам конференции декан факультета ПАС Зобов П.В. вручил участникам конференции сертификаты участников.

 
","['https://uvauga.ru//images/OAB/logotip_oab.jpg', 'https://uvauga.ru//images/MainNews/4.jpg', 'https://uvauga.ru//images/MainNews/3.jpg']","['https://uvauga.ru//images/OAB/logotip_oab.jpg', 'https://uvauga.ru//images/MainNews/4.jpg', 'https://uvauga.ru//images/MainNews/3.jpg']"
5,"

					Видеоматериалы проекта «Наука и университеты»
","

 
ВЫБЕРИ СВОЮ НАУЧНУЮ СПЕЦИАЛЬНОСТЬНАУЧНУЮ СПЕЦИАЛЬНОСТЬ ➤➤➤



",['https://uvauga.ru//images/MainNews/navigatornaukarf-23.jpg'],['https://uvauga.ru//images/MainNews/navigatornaukarf-23.jpg']
6,"

					Об участии во Всероссийском марафоне донорства
","

Об участии во Всероссийском марафоне донорства
23 сентября 2023 года ректор института Африкантов Николай Николаевич совместно с профессорского-преподавательским составом и курсантами института торжественно встретили участников «Всероссийского марафона донорства костного мозга», приуроченного к Году педагога и наставника. Цель – содействие в привлечении доноров в Федеральный регистр доноров для помощи ближним. Проект реализуется при поддержке Координационного совета по донорству крови при Общественной палате Российской Федерации, Национального фонда развития здравоохранения.
Ректор института в приветственном слове подчеркнул особую значимость любви к родине, поддержки ближних в сложных жизненных ситуациях, социальную важность проекта в условиях введенных санкций и специальной военной операции. Начальник отдела развития донорства Кировского научно-исследовательского института гематологии и переливания крови Федерального медико-биологического агентства Малышева Наталья Алексеевна раскрыла механизм работы, пояснила о донорстве костного мозга на современном этапе развития медицины исключительно из крови.  Главный врач ГУЗ Ульяновская областная станция переливания крови Хапман Марат Эрикович поблагодарил курсантов института за участие в деле донорства, отметил спасительную роль отзывчивости и соучастия в условиях современных вызовов. Поддержали проект на площадке института также медики-волонтеры и широкий состав членов молодежного совета Управления Федеральной службы судебных приставов России по Ульяновской области. Декан факультета подготовки авиационных специалистов Зобов Павел Владимирович предложил продолжить сотрудничество и совместную поддержку системы здравоохранения и движения доноров, особую благодарность выразил амбассодору донорства костного мозга Алискерову Артему Ахметовичу.
  
","['https://uvauga.ru//images/MainNews/donor-09-2023/donor-09-23-00.jpg', 'https://uvauga.ru//images/MainNews/donor-09-2023/donor-09-23-01.jpg', 'https://uvauga.ru//images/MainNews/donor-09-2023/donor-09-23-02.jpg', 'https://uvauga.ru//images/MainNews/donor-09-2023/donor-09-23-03.jpg']","['https://uvauga.ru//images/MainNews/donor-09-2023/donor-09-23-00.jpg', 'https://uvauga.ru//images/MainNews/donor-09-2023/donor-09-23-01.jpg', 'https://uvauga.ru//images/MainNews/donor-09-2023/donor-09-23-02.jpg', 'https://uvauga.ru//images/MainNews/donor-09-2023/donor-09-23-03.jpg']"
7,"

					II  Всероссийская конференция ""Физическая культура как одно из направлений молодёжной политики в Российской Федерации
","

20-21 июня в г. Москва, прошла II Всероссийская конференция ""Физическая культура как одно из направлений молодёжной политики в Российской Федерации"", которая была организована Российским университетом спорта «ГЦОЛИФК», Общероссийской общественной организацией «Российский студенческий спортивный союз» и Комитетом по молодёжной политике Государственной Думы РФ.Савельев Сергей Николаевич, ассистент кафедры физической культуры и спорта факультета подготовки авиационных специалистов, председатель спортивного студенческого клуба «Крылья», выступил с докладом на тему: «Студенческий спортивный клуб, как эффективное средство развития студенческого спорта».
Одним из ключевых вопросов, обсуждаемых на конференции, была необходимость развития студенческих спортивных клубов. Согласно президентской Программе в образовательных организациях высшего образования к 2024 году должны быть созданы не менее 500 таких клубов.
Савельев Сергей Николаевич представил опыт студенческого клуба «Крылья» Ульяновского института гражданской авиации. Благодаря  выстроенной системе деятельности клуба, сборная команда курсантов нашего института обеспечила лидирующую позицию в региональной Универсиаде среди ВУЗов Ульяновской области. Увеличилось количество курсантов систематически занимающихся физической культурой и спортом, участвующих во Всероссийских фестивалях студенческого спорта, фестивалях Всероссийского физкультурно-спортивного комплекса «Готов к труду и обороне» (ГТО) среди студентов образовательных организаций высшего образования, ежегодных Всероссийских соревнованиях по отдельным видам спорта.
Всего в Конференции приняли участие более 500 человек из 23 регионов России.


","['https://uvauga.ru//images/MainNews/rkfkis.jpg', 'https://uvauga.ru//images/MainNews/1.jpg', 'https://uvauga.ru//images/MainNews/2.1.jpg', 'https://uvauga.ru//images/MainNews/3.1.jpg']","['https://uvauga.ru//images/MainNews/rkfkis.jpg', 'https://uvauga.ru//images/MainNews/1.jpg', 'https://uvauga.ru//images/MainNews/2.1.jpg', 'https://uvauga.ru//images/MainNews/3.1.jpg']"
8,"

					Мероприятия Всероссийского фестиваля RuCode
","

Всероссийский фестиваль RuCode по искусственному интеллекту в физике, математике, инжиниринге и науках о жизни
Фестиваль RuCode проводится с целью популяризация достижений российских исследователей в области искусственного интеллекта. Фестиваль предназначен для широкой аудитории, интересующейся развитием и применением методов и инструментов искусственного интеллекта в различных предметных областях.
Фестиваль организован консорциумом из 18 ведущих российских университетов из разных субъектов Российской Федерации и двух общественных организаций.
В 2023 году мероприятие проходит при грантовой поддержке Министерства науки и высшего образования Российской Федерации в рамках федерального проекта «Популяризация науки и технологий».
Осенние мероприятия Фестиваля RuCode проходят с 1 сентября до 31 октября 2023 г. и включают:
• научно-популярную и образовательную программу по алгоритмическому программированию;
• чемпионаты по искусственному интеллекту и алгоритмическому программированию онлайн и офлайн, принять участие в которых может каждый. Выбирайте свой уровень и решайте интересные задачи на индустриальных данных от ведущих российских компаний: ГК «Росатом» и АО «ПФ «СКБ Контур»;
• интерактивную тест-игру: «Искусственный интеллект или ты? Узнай, за кем будущее». Все желающие смогут проверить свой уровень грамотности в области искусственного интеллекта и получить краткое руководство по ее совершенствованию;
• Всероссийскую научную конференцию с международным участием «Дизайн междисциплинарных исследований в контексте сближения моделей естественнонаучного и гуманитарно-социального знания».
Участие в мероприятиях будет интересно всем, кто хотел бы узнать о современных возможностях и инструментах на основе искусственного интеллекта и как его можно применить в различных направлениях, включая физику, математику, инжиниринг, науки о жизни, гуманитарные исследования и т.п.
Мероприятия проходят в онлайн формате, очный этап фестиваля состоится 14–15 октября 2023 г.
Участие во всех мероприятиях фестиваля бесплатное.
Регистрация, а также дополнительная информация о фестивале RuCode по ссылке: https://rucode.net/.
Контактное лицо со стороны МФТИ: Коротких Полина Викторовна +79638699286, 
 Этот адрес электронной почты защищен от спам-ботов. У вас должен быть включен JavaScript для просмотра.
 
",['https://uvauga.ru//images/MainNews/rucode.jpg'],['https://uvauga.ru//images/MainNews/rucode.jpg']
9,"

					Всероссийский историко-просветительский форум «Курс молодого бойца. Информационный фронт»
","

Всероссийский историко-просветительский форум «Курс молодого бойца. Информационный фронт»
Всероссийский историко-просветительский форум «Курс молодого бойца. Информационный фронт» – мероприятие Российского военно-исторического общества (https://vk.com/rvio_ru), призванное объединить молодых людей в возрасте от 18 до 30 лет, которые занимаются созданием просветительского информационного контента в сети «Интернет».
В рамках форума молодых людей ожидают образовательные лекции, практикумы, мастер-классы, спортивные состязания, а также досуговая программа.
Спикерами образовательного блока выступят известные историки, общественные деятели, а также блогеры, журналисты, информационные аналитики, признанные как российским, так и международным сообществом такие, как: Дмитрий Пучков, Михаил Онуфриенко, Егор Яковлев, Трофим Татаренков, а также специалисты компании «ВКонтакте» и медиагруппы «Комсомольская правда» и многие другие.
Эксперты научат участников методике работы с информацией, формированию личного контента, эксклюзивному освещению информационных поводов в социальных сетях, способам борьбы с фейками, особенностям профессиональной журналистики, а также расскажут о прошлом и будущем России.
Кроме того, участников мероприятия ждет работа над личными страницами совместно с экспертами, которые могут быть поддержаны последними уже в текущем году!
Мероприятие проводится при поддержке Министерства просвещения Российской Федерации (https://vk.com/minprosvet) в рамках национального проекта «Образование» (https://vk.com/nationalprojectsru).
Регистрация продлиться до 10.09.2023 г.
Для регистрации на форум необходимо зайти на сайт АИС «Молодежь России»: https://myrosmol.ru, зарегистрироваться на сайте/войти в уже имеющийся личный кабинет. После перехода в личный кабинет пользователю откроется список мероприятий, доступных для участия, необходимо найти мероприятие «Всероссийский историко-просветительский форум «Курс молодого бойца. Информационный фронт» и нажать «Подробнее», после чего кликнуть на форму для заполнения потенциального участника.
ВАЖНО: участниками форума могут стать граждане Российской Федерации от 18 до 30 лет, кроме того, в рамках заявленной формы потенциального участника необходимо заполнить все имеющиеся поля. В случае прохождения отбора участникам будут оплачены проезд, проживание и питани
",['https://uvauga.ru//images/MainNews/kurs-mol-boiza.jpg'],['https://uvauga.ru//images/MainNews/kurs-mol-boiza.jpg']
10,"

					О предстоящей III Ежегодной акции независимой оценки качества образования
","

Информируем Вас о предстоящей III Ежегодной акции независимой оценки качества образования Всероссийская программа входного тестирования (https://urait.ru/input-quiz), которая пройдет с б сентября по 16 октября 2023 года. Участие абсолютно бесплатно для всех участников.Дополнительного финансирования со стороны учебных заведений и/или органов управления образованием не требуется.Смысл акции - проверка уровня поступивших на образовательные программы СПО, бакалавриата и специалитета, В тестировании представлены 32 ключевых предмета, по каждому - три уровня сложности (легкий, основной, профильный). Также представлены тесты по психологической готовности к обучению и академической культуре.Всероссийская акция способствует достижению целей и показателей федеральных проектов «Молодые профессионалы» и «Цифровая образовательная среда», а также соответствующих региональных программ:• бесплатная проверка уровня знаний первокурсников учебных заведений (УЗ); • подготовка к прохождению Всероссийских проверочных работ; • повышение цифровой активности и достижение цифровой зрелости УЗ; • эффективные решения о финансировании УЗ на основе объективной аналитики.
",['https://uvauga.ru//images/MainNews/vhod-test-utait.jpg'],['https://uvauga.ru//images/MainNews/vhod-test-utait.jpg']
11,"

					Тотальный тест ""Доступная среда""
","

С 1 по 10 декабря 2023 состоится Общероссийская акция Тотальный тест «Доступная среда», которая призвана привлечь внимание к правам и потребностям людей с инвалидностью
По вопросам проведения акции Тотальный тест ""Доступная среда"" обращаться к координатору данного мероприятия - Беляевой Наталье Павловне, тел. 8 (926) 863-86-19, 
 Этот адрес электронной почты защищен от спам-ботов. У вас должен быть включен JavaScript для просмотра.
 
",['https://uvauga.ru//images/TTds.jpg'],['https://uvauga.ru//images/TTds.jpg']
12,"
			О встрече с участниками экспедиции ""Открытый беспилотный""","

6 сентября 2023 года площадку Ульяновского института гражданской авиации имени Главного маршала авиации Б.П. Бугаева посетили участники межвузовской студенческой экспедиции ""Открытый беспилотный"". В ходе посещения участникам была рассказана история нашего  вуза, а также доцент кафедры ОАДиИТ Чоракаев Олег Эдуардович провел обсуждение новой образовательной программы ""Организация, обеспечение и обслуживание полетов беспилотных систем "", с демонстрацией учебных БВС и программного обеспечения.
Участники экспедиции собраны из победителей конкурса ""Открываем Россию заново"" и готовят аналитический отчёт о текущем состоянии отрасли БАС в регионах, разрабатывают выставочную экспозицию и медиа-контент про беспилотные технологии.  Они пробудут в Ульяновске всю неделю, в программе, в том числе, и встреча с губернатором Ульяновской области Русских А.Ю.  и завершат свою программу посещением Музея гражданской авиации.

","['https://uvauga.ru//images/MainNews/otkryty-bespilotny/otkryty-bespilotny-0.jpg', 'https://uvauga.ru//images/MainNews/otkryty-bespilotny/otkryty-bespilotny-3.jpg', 'https://uvauga.ru//images/MainNews/otkryty-bespilotny/otkryty-bespilotny-2.jpg']","['https://uvauga.ru//images/MainNews/otkryty-bespilotny/otkryty-bespilotny-0.jpg', 'https://uvauga.ru//images/MainNews/otkryty-bespilotny/otkryty-bespilotny-3.jpg', 'https://uvauga.ru//images/MainNews/otkryty-bespilotny/otkryty-bespilotny-2.jpg']"
13,"
			Мероприятия, проведённые в честь памятных дат 3 сентября 2023г.","

03 сентября 2023 года преподавателями кафедры обеспечения авиационной безопасности было организовано знакомство курсантов первого курса с достопримечательностями центральной части Ульяновска.
Учащиеся приняли участие в мероприятии по случаю окончания Второй мировой войны, почтили память павших в боях возложением цветов к Вечному огню.
Курсанты роты почетного караула достойно представили наш институт.

Особое впечатление на курсантов произвело участие в митинге-реквиеме посвященном Дню солидарности в борьбе с терроризмом.В знак благодарности защитникам Родины от террористов курсанты возложили цветы к памятнику Герою России Дмитрию Разумовскому.

Первое знакомство с городом состоялось.
 
","['https://uvauga.ru//images/MainNews/3Spept/3-09-00.jpg', 'https://uvauga.ru//images/MainNews/3Spept/3-09-karaul1.jpg', 'https://uvauga.ru//images/MainNews/3Spept/3-09-01.jpg']","['https://uvauga.ru//images/MainNews/3Spept/3-09-00.jpg', 'https://uvauga.ru//images/MainNews/3Spept/3-09-karaul1.jpg', 'https://uvauga.ru//images/MainNews/3Spept/3-09-01.jpg']"
14,"
			Итоги Областной Универсиады 2023 года","

Завершилась ежегодная областная Универсиада 2023 года, где было представлено 20 видов спорта. Торжественное закрытие Универсиады состоялось в ФОК УлГУ, где награждение проводил Министр спорта Ульяновской области. Сборная команда нашего института впервые заняла второе общекомандное место, и была награждена кубком дипломом и сертификатом на право приобретения спортивного инвентаря на сумму 70 000 руб.

Наши курсанты стали чемпионами в следующих видах программы: волейбол среди юношей, баскетбол среди юношей, бадминтон среди юношей, стрельба из пневматической винтовки среди юношей и девушек. Серебряные призеры в мини-футболе среди юношей, волейболе среди девушек, плавании среди юношей и девушек, настольном теннисе среди юношей и девушек, бадминтоне среди девушек и жиме штанги лежа. Бронзу завоевали в баскетболе среди девушек, флорболе среди юношей, легкой атлетике среди юношей.
По итогам успешного выступления руководство нашего учебного заведения в торжественной обстановке наградило Почетными грамотами и Благодарственными письмами лучших курсантов-спортсменов и тренерский состав института и пожелало новых побед в следующем учебном году.

","['https://uvauga.ru//images/MainNews/obluniver23/obl-univer-23-0.jpg', 'https://uvauga.ru//images/MainNews/obluniver23/2023-09-07_13-55-19.png', 'https://uvauga.ru//images/MainNews/obluniver23/obl-univer-23-1.jpg', 'https://uvauga.ru//images/MainNews/obluniver23/obl-univer-23-2.jpg']","['https://uvauga.ru//images/MainNews/obluniver23/obl-univer-23-0.jpg', 'https://uvauga.ru//images/MainNews/obluniver23/2023-09-07_13-55-19.png', 'https://uvauga.ru//images/MainNews/obluniver23/obl-univer-23-1.jpg', 'https://uvauga.ru//images/MainNews/obluniver23/obl-univer-23-2.jpg']"
15,"
			Поздравления с Днём воздушного флота РФ","
 
 

","['https://uvauga.ru//images/MainNews/VF-Day-23_0.jpg', 'https://uvauga.ru//images/MainNews/VF-Day-23_2.jpg', 'https://uvauga.ru//images/MainNews/Pozdr_Neradko.jpg']","['https://uvauga.ru//images/MainNews/VF-Day-23_0.jpg', 'https://uvauga.ru//images/MainNews/VF-Day-23_2.jpg', 'https://uvauga.ru//images/MainNews/Pozdr_Neradko.jpg']"
16,"
			ФБФО 2023 года","

30 июня 2023 года в нашем институте состоялся торжественный выпуск студентов - заочников, обучающихся по специализации Организация использования воздушного пространства и по профилям подготовки: Организация аэропортовой деятельности; Авиатопливное обеспечение воздушных перевозок и авиационных работ; Поисковое и аварийно-спасательное обеспечение полетов воздушных судов; Обеспечение авиационной безопасности; Управление качеством в производственно-технологических системах. Всего 107 человек, 8 из которых получили диплом с отличием.
С напутственным словом к выпускникам обратился ректор института Н.Н. Африкантов и отметил, что главное – стремиться и достигать поставленных целей.  Ректор с удовольствием озвучил поздравление Руководителя  Федерального агентства воздушного транспорта А.В.Нерадько, адресованное выпускникам, в котором говорится, что именно им предстоит не просто развивать гражданскую авиацию, но создавать будущее России, совершать интересные открытия и ставить новые рекорды.
Проректор по образовательной работе Р.Р. Файзуллин поздравил выпускников с успешным завершением учебы и рассказал о том, что институт не стоит на месте, постоянно мониторит потребности авиационного рынка и старается им соответствовать.  В связи с этим будут открыты новые направления подготовки магистров и профили подготовки бакалавров. Выпускников  поздравила декан ФБФО Н.Н. Васицкая, отметив, что среди выпускников есть и  граждане иностранных государств, и те, кто получает второе высшее образование. География выпускников, по словам декана, обширна и путь каждого из них был долгим, интересным, иногда трудным, но весьма продуктивным.
В зале присутствовали преподаватели и сотрудники института, сотрудники деканата факультета безотрывных форм обучения – те, кто в течение всего обучения направляли и болели душой за своих студентов.
 Выпускники поблагодарили всех педагогов за терпение и любовь к своему делу, а также сотрудников деканата за организацию учебного процесса.

Скачать фотоотчёт (архив .zip)
 
 
","['https://uvauga.ru//images/fbfo/vypusk-06-2023/fbfo0.jpg', 'https://uvauga.ru//images/fbfo/vypusk-06-2023/fbfo1.jpg']","['https://uvauga.ru//images/fbfo/vypusk-06-2023/fbfo0.jpg', 'https://uvauga.ru//images/fbfo/vypusk-06-2023/fbfo1.jpg']"
17,"
			100 лет со дня его рождения Бориса Павловича Бугаева","
 
В год празднования 100-летия отечественной гражданской авиации мы вспоминаем Бориса Павловича Бугаева.29 июля 2023 года исполняется 100 лет со дня его рождения. Главного маршала авиации, министра гражданской авиации СССР, Заслуженного пилота СССР. Человека, который внес неоценимый личный вклад в развитие отрасли и ее оснащение новой авиационной техникой и уделял внимание совершенствованию подготовки кадров и решению социальных вопросов работников гражданской авиации.
В качестве Министра на протяжении семнадцати лет, Бугаев вывел советскую гражданскую авиацию в мировые лидеры. При нём отрасль получила колоссальное развитие. Появилась новая техника, реконструированы по последнему слову техники множество аэродромов, создано множество новых. Создана и внедрена система автоматизированного управления воздушным движением, качественно преобразована система учебных заведений, количество училищ возросло с 9 до 15, было создано 2 высших учебных заведения гражданской авиации: Кировоградское и Актюбинское. Также при непосредственном участии Бориса Павловича был открыт Московский институт инженеров гражданской авиации (ныне МГТУ ГА).
По инициативе клуба «Опыт» и руководства института было предложено изменить наименование вуза, с присвоением ему имени Бугаева Бориса Павловича Главного маршала авиации, министра гражданской авиации СССР, Заслуженного пилота СССР. Это предложение было одобрено ученым советом института и Правительством Ульяновской области.
Приказом Федерального агентства воздушного транспорта от 25 декабря 2015 № 870 утверждена новая редакция Устава института, в соответствии с которым институту и филиалам изменили наименование на «Федеральное государственное бюджетное образовательное учреждение высшего образования «Ульяновский институт гражданской авиации имени главного маршала авиации Б.П. Бугаева».
В связи с этим родственниками было принято решение предать семейную реликвию - бюст Бориса Павловича Бугаева в дар институту. Сегодня, отдавая дань памяти великому человеку, курсанты и руководство института возложили к его бюсту, корзину с цветами.
 
Также в научно-технической библиотеке института проходит выставка, посвященная 100-летию со дня рождения Бориса Павловича Бугаева.

","['https://uvauga.ru//images/MainNews/Bugaev-100-let/100-let-bugaevu-0.jpg', 'https://uvauga.ru//images/MainNews/Bugaev-100-let/100-let-bugaevu-1.jpg', 'https://uvauga.ru//images/MainNews/Bugaev-100-let/100-let-bugaevu-2.jpg', 'https://uvauga.ru//images/MainNews/Bugaev-100-let/100-let-bugaevu-3.jpg']","['https://uvauga.ru//images/MainNews/Bugaev-100-let/100-let-bugaevu-0.jpg', 'https://uvauga.ru//images/MainNews/Bugaev-100-let/100-let-bugaevu-1.jpg', 'https://uvauga.ru//images/MainNews/Bugaev-100-let/100-let-bugaevu-2.jpg', 'https://uvauga.ru//images/MainNews/Bugaev-100-let/100-let-bugaevu-3.jpg']"
18,"
			50 лет со дня создания cлужбы авиационной безопасности","

 


","['https://uvauga.ru//images/MainNews/sl_BR.jpg', 'https://uvauga.ru//images/MainNews/pozdr_2.jpg', 'https://uvauga.ru//images/MainNews/pozdr_1.jpg']","['https://uvauga.ru//images/MainNews/sl_BR.jpg', 'https://uvauga.ru//images/MainNews/pozdr_2.jpg', 'https://uvauga.ru//images/MainNews/pozdr_1.jpg']"
19,"
			Поздравления с выпуском 2023 года","
  

ПОЗДРАВЛЕНИЕ министра транспорта Виталия Савельева
Дорогие друзья!
Поздравляю вас с окончанием обучения!
Вы стали выпускниками лучших образовательных организаций транспортного комплекса Российской Федерации. Вы – будущие лидеры, профессионалы, которые продолжат развивать транспортную инфраструктуру нашей страны.
Горжусь достижениями каждого из вас. Уверен, вы сможете применить свой теоретический опыт на практике, принести пользу российской экономике, создать новые масштабные инновационные проекты. Не сомневаюсь в том, что вас ждут большие успехи, блестящая карьера и процветание.
Благодарю за труд и неизменно высокий профессионализм профессорско-преподавательский состав, сотрудников учебных заведений. Вы вносите огромный вклад в развитие транспортного комплекса государства. Ваши забота и внимание являются ключевыми факторами подготовки высококлассных специалистов.
Желаю всем выпускникам удачи, уверенности в своих силах, доброго пути в трудовой деятельности. Пусть ваша работа станет основой счастливой жизни, благополучия и процветания.
В.Г. Савельев
https://mintrans.gov.ru/press-center/news/10761

 ПОЗДРАВЛЕНИЕ руководителя росавиации Александра Нерадько
Дорогие выпускники!Поздравляю вас с успешным завершением важного этапа вашей жизни - окончанием учебного заведения.
 Гражданская авиация России в этом году отмечает свой вековой юбилей.Именно благодаря созидательному труду профессиональных, талантливых и увлечённых любимым делом специалистов наша отрасль имеет великие свершения и яркие победы. Пусть и ваш диплом, диплом учебного заведения гражданской авиации, станет стартом в интересное путешествие, где вы найдете себя, обретете друзей, узнаете много интересного и покорите немало высот!
Уверен, что за годы учебы вы получили системные знания о нашей крылатой отрасли, узнали ее традиции и ознакомились с ее перспективами, научились самостоятельно принимать решения и отстаивать свои взгляды. Отдельно хотелось бы поблагодарить весь профессорско-преподавательский состав учебных заведений гражданской авиации, за их отромный и значимый труд в интересах нашей отрасли.
Именно вам, сегодняшним выпускникам, предстоит не просто развивать гражданскую авиацию, но создавать будущее России, совершать интересные открытия и ставить новые рекорды. Своими успехами и достижениями вносить вклад в развитие транспортной системы нашей страны и укреплять ее позиции на международном уровне.Дорогие выпускники, желаю неудержимой энергии и энтузиазма - от вас, вашей квалификации и нацеленности на постоянное повышение своих знаний и навыков, зависит будущее гражданской авиации России!
Смело идите вперёд, добивайтесь успехов и созидайте!
А.В. Нерадько
",['https://uvauga.ru//images/MainNews/vypusk2023/Vyp-2023-rektor-S.jpg'],['https://uvauga.ru//images/MainNews/vypusk2023/Vyp-2023-rektor-S.jpg']
20,"
			Встреча выпускников-пилотов 1998 года","

В Ульяновском институте гражданской авиации имени Главного маршала авиации Б.П. Бугаева состоялась встреча выпускников-пилотов.
26 мая в Ульяновском институте гражданской авиации имени Главного маршала авиации Б.П. Бугаева состоялась встреча выпускников-пилотов 1998 года. Прошло 25 лет, и снова собрались они в стенах УИ ГА.  На территории института гостей встречали проректор по летной работе В.В. Репьев, преподаватели и сотрудники института.
В Центре культуры и творчества института состоялась праздничная программа, посвященная этой юбилейной встрече выпускников. С приветственным словом и искренними поздравлениями выступили проректор по летной работе В.В. Репьёв, а также пилот ПАО ""Аэрофлот"" М. Синицин.  Творческими номерами порадовали всех собравшихся сегодняшние курсанты института: сольные исполнители и танцевальные коллективы ЦКиТ УИ ГА.
После концерта гости были приглашены на экскурсию по институту, в ходе которой посетили Тренажерный центр, посмотрели насколько усовершенствовалась техника и тренажеры. Также выпускники побывали в корпусе общежития, в котором проживали, у памятника самолету ЯК-18Т. Мероприятие проходило в дружеской и теплой обстановке. Все выпускники были рады встрече друг с другом и смогли поделиться не только  своими профессиональными достижениями, но и поговорить о личной жизни, своих семьях. Сын одного из выпускников Сергея Мудракова Константин сейчас трудится пилотом-инструктором в Летном отряде института, продолжая династию и обучая курсантов.
Летчики, профессионалы своего дела, посвятившие жизнь небу, вспоминали о своей курсантской жизни, как курсантами списывали на экзаменах, прогуливали лекции и как бешено колотилось сердце, когда впервые поднимали в воздух многотонные машины. Это было незабываемое событие для всех участников. Находясь в прекрасном настроении, гости выразили уверенность в скором повторении такой встречи, ставшей уже традиционной: «Мы надеемся, что такие встречи будут проходить как можно чаще!».

","['https://uvauga.ru//images/MainNews/vstrecha-vyp-23-01.jpg', 'https://uvauga.ru//images/MainNews/vstrecha-vyp-23-02.jpg']","['https://uvauga.ru//images/MainNews/vstrecha-vyp-23-01.jpg', 'https://uvauga.ru//images/MainNews/vstrecha-vyp-23-02.jpg']"
21,"
			215 лет со дня кончины А.В. Суворова","

 
18 мая (06 мая по старому календарю) 1800 года в Петербурге скончался великий русский полководец, кавалер всех российских орденов, основоположник русской военной теории, тот человек, перед кем в восторге замирали современники - фельдмаршал граф Александр Васильевич Суворов.
Курсанты института в День памяти генералиссимуса А.В. Суворова почтили его память возложением цветов. В церемонии возложении цветов к памятнику А.В. Суворову приняли участие юные суворовцы, ветераны-суворовцы, представители Правительства области и общественных  организаций. В своем выступлении председатель Ульяновского отделения Российского кадетского братства Дормидонтов А.В. напомнил, что почти год на симбирской земле А.В. Суворов становился как государственный деятель, в сферу его деятельности входили вопросы ликвидации последствий Пугачевского бунта от Поволжья до Урала.
","['https://uvauga.ru//images/MainNews/215l_sks.jpg', 'https://uvauga.ru//images/MainNews/20230518_100309.jpg', 'https://uvauga.ru//images/MainNews/20230518_100001.jpg', 'https://uvauga.ru//images/MainNews/20230518_100121.jpg']","['https://uvauga.ru//images/MainNews/215l_sks.jpg', 'https://uvauga.ru//images/MainNews/20230518_100309.jpg', 'https://uvauga.ru//images/MainNews/20230518_100001.jpg', 'https://uvauga.ru//images/MainNews/20230518_100121.jpg']"
22,"
			40 лет со дня основания музея ГА","
Головной отраслевой музей истории гражданской авиации, образован в соответствии с приказом Министра гражданской авиации СССР Б.П. Бугаева от 01.06.83 № 97
",['https://uvauga.ru//images/MainNews/gom_40_1.jpg'],['https://uvauga.ru//images/MainNews/gom_40_1.jpg']
23,"
			Митинг, приуроченный к 78-ой годовщине Победы в Великой Отечественной войне","

8 мая в 11:00 в деревне Носово состоялся традиционный митинг, приуроченный 78-ой годовщине Победы в Великой Отечественной войне. Митинг организован профсоюзной организацией АО «Международного аэропорта Шереметьево» с участием ветеранов аэропорта, работников, руководства Шереметьево и курсантов УИГА. Участники митинга возложили цветы к Мемориалу павшим воинам и почтили минутой молчания память солдат, отдавших жизни за Родину.
",['https://uvauga.ru//images/MainNews/1-9-may-2023/image-08-05-23-08-52.png'],['https://uvauga.ru//images/MainNews/1-9-may-2023/image-08-05-23-08-52.png']
24,"
			Студенческая лига по финансовой грамотности","

26 апреля 2023 г. в УИ ГА был проведён первый этап турнира по повышению уровня финансовой грамотности для студентов неэкономических специальностей образовательных организаций высшего образования «Студенческая лига по финансовой грамотности». Турнир проводился в целях, исполнения региональной программы повышения финансовой грамотности  населения Ульяновской области, совместным решением Губернатора Ульяновской области и Управляющего  Отделением по Ульяновской области Волго-Вятского главного управления Центрального Банка Российской Федерации. 

Были сформированы 6 команд из курсантов 2-3 курсов (АТО-21, ОАД и ОВП-21, Д-20, и три команды пилотов П-20). Во время турнира команды отвечали на вопросы, выполняли задания, разгадывали ребусы. Команда должна была подготовить ответ в течение минуты, продолжительность турнира - один час. В результате команда П-20 набрала 15 баллов, на втором месте были курсанты ОАД и ОВП-21, набрав 14 баллов.
4 мая 2023 г. на территории Отделения по Ульяновской области Волго-Вятского главного управления был проведён второй этап турнира. В финал вышли команды 5 ВУЗов. Команду нашего института представляли: Переверзев Вадим Иванович (П 20-3); Ельников Владислав Александрович (П 20-3); Стрекаловский Алексей Евгеньевич (П 20-3); Терещенко Владимир Анатольевич (П 20-4) и  Бурнин Егор Сергеевич (П 20-6).              
  
 В финальном этапе турнира команда института набрала наибольшее количество баллов. Курсанты института были награждены дипломом и памятными подарками. Молодцы!
Подготовила курсантов старший преподаватель кафедры ГиСЭД Терёхина С.Э.
","['https://uvauga.ru//images/MainNews/fin_gramotn/1.jpg', 'https://uvauga.ru//images/MainNews/fin_gramotn/3.jpg', 'https://uvauga.ru//images/MainNews/fin_gramotn/5.jpg', 'https://uvauga.ru//images/MainNews/fin_gramotn/4.jpg', 'https://uvauga.ru//images/MainNews/fin_gramotn/2.jpg', 'https://uvauga.ru//images/MainNews/fin_gramotn/6.jpg']","['https://uvauga.ru//images/MainNews/fin_gramotn/1.jpg', 'https://uvauga.ru//images/MainNews/fin_gramotn/3.jpg', 'https://uvauga.ru//images/MainNews/fin_gramotn/5.jpg', 'https://uvauga.ru//images/MainNews/fin_gramotn/4.jpg', 'https://uvauga.ru//images/MainNews/fin_gramotn/2.jpg', 'https://uvauga.ru//images/MainNews/fin_gramotn/6.jpg']"
25,"
			викторина по авиационной метеорологии","

Вчера 4 мая 2023 года в Ульяновском институте имени Главного маршала авиации Б.П. Бугаева прошла очередная викторина по авиационной метеорологии. В викторине приняли участие 7 команд. Викторина состояла из нескольких конкурсов.
Победила команда курсантов в составе: Вороновского Никиты, Плотникова Максима, Шайдуллина Малика, Кошеля Ростислава, Иванова Александра (гр. П-20-4).
В организации викторины приняли активное участие курсанты: Алиференко Дмитрий, Кузнецов Илья, Скоркин Данил (гр. П-20-3), Широнин Егор (гр. П-20-1), Новиков Клим, Строев Егор (гр. П-20-4). В роли ведущего викторины выступил Суворов Александр (гр. П-20-1).
Викторина проводится шесть лет подряд, в том числе в «пандемийном» 2020 году. Большая роль в организации данного мероприятия принадлежит Сафоновой Татьяне Владимировне, доценту кафедры УВДиН, канд. пед. наук и Лопастейской Ольге Валерьевне, ст. преподавателю кафедры УВДиН.
Викторина по авиационной метеорологии является интересным и полезным мероприятием для будущей профессиональной деятельности пилотов и лучшего освоения курса авиационной метеорологии.
 
","['https://uvauga.ru//images/MainNews/MeteoVikt/meteorolog-00.jpg', 'https://uvauga.ru//images/MainNews/MeteoVikt/meteorolog-01.jpg', 'https://uvauga.ru//images/MainNews/MeteoVikt/meteorolog-02.jpg']","['https://uvauga.ru//images/MainNews/MeteoVikt/meteorolog-00.jpg', 'https://uvauga.ru//images/MainNews/MeteoVikt/meteorolog-01.jpg', 'https://uvauga.ru//images/MainNews/MeteoVikt/meteorolog-02.jpg']"
26,"
			«От Винта!»","

 
Разработки ульяновских инноваторов признаны лучшими на Международном фестивале детского и молодёжного научно-технического творчества «От Винта!»
Фестиваль завершился 29 апреля в Сочи. В проекте приняли участие около 600 человек из 60 регионов России и зарубежных стран.
Фестиваль особо отметил Президент Владимир Путин, выразив уверенность, что «От Винта!» будет и впредь способствовать вовлечению молодёжи в орбиту научно-технического творчества, подготовке кадров для наших высокотехнологичных отраслей.
Эксперты выбрали лучшие проекты из более чем 550 изобретений молодых учёных со всей России. Среди них – разработки ульяновских инноваторов.
Так, диплом и медаль I степени вручены курсанту Авиационного института Шакирову Аделю за проект «Разработка вспомогательного полётного дисплея». Диплом и медаль III степени присуждены коллективу УлГУ за проект «Коллекция адаптивной одежды для людей с ограниченными возможностями здоровья».
Всего на «Всероссийская витрина проектов» фестиваля Ульяновская область представила 12 инновационных разработок учащихся региональных вузов и детских технопарков. Среди них проект представителей УлГТУ - «Автоматизированная прецизионная система доставки груза по воздуху» в труднодоступные или опасные зоны, где классические виды транспорта не могут быть использованы. Разработкой заинтересовалось Министерство обороны РФ. Ульяновский государственный аграрный университет имени П.А. Столыпина представил спирально-винтовой очиститель корнеплодов от почвы, который позволяет заменить аналогичные импортные машины. УлГУ представил коллекцию одежды для людей с ограниченными возможностями здоровья, набор столовых приборов для восстановления навыка приёма пищи у пациентов с последствиями неврологических заболеваний и стекловидные материалы на основе природного диатомита.
Кроме того, УлГПУ имени И.Н. Ульянова продемонстрировал проект «Электронное развивающе-тестирующее устройство для занятий с детьми «Поиск девятого». Ульяновский институт гражданской авиации имени Главного маршала авиации Б.П. Бугаева презентовал разработку вспомогательного полетного дисплея для воздушных судов авиации общего назначения, которая связана с запуском, ускорением и дальнейшим комфортным полетом будущих летчиков.
Целый ряд проектов представили детские технопарки «Кванториум» из Ульяновска и Димитровграда. Это разработки «Автоматизация контрольно-пропускных пунктов», Telegram-бот и канал по поиску туристических мест «LocalSight», приложение виртуальной реальности «Тренажер на МКС», радиоуправляемый вездеход и другие.
«Необходимо поддерживать молодых инноваторов и их разработки на любом этапе, стимулировать изобретательство, чтобы ребята чувствовали в себе силы и уверенность. Для этого мы создаем инфраструктуру – детские кванториумы, работает Агентство инновационного развития, которое предоставляет сопровождение, маркетинговые исследования, финансовую поддержку. Для тех, кто хочет реализовать свой проект и попробовать себя в качестве предпринимателя, есть меры поддержки, предусмотренные нацпроектом «Малое и среднее предпринимательство и поддержка предпринимательской инициативы», - отметил министр экономического развития и промышленности Ульяновской области Николай Зонтов.
Перейти к оригиналу статьи на https://ulgov.ru/news/regional/2023.05.02/63641/#

Подведены итоги Международного фестиваля молодёжного научно-технического творчества «От Винта!»  Эксперты выбрали лучшие проекты из более чем 550 изобретений и инноваций молодых учёных со всей России. Среди них - изобретения молодых ульяновцев! Церемонию награждения провели руководитель Фестиваля Виктория Соболева, министр промышленной политики Краснодарского края Дмитрий Хмелько и руководитель управления конференций ТАСС Любовь Белоусова.  Диплом и медаль I степени был вручен Шакирову Аделю, курсанту УИГА имени Главного маршала авиации Б. П. Бугаева за проект «Разработка вспомогательного полётного дисплея». Медали III степени присуждены коллективу УлГУ в составе Беляевой Юлии, Беловой Марии, Захаровой Юлии, Исрафиловой Румии, Кармановой Анны, Саушкиной Ангелины, Старостина Дениса, Статениной Анастасии за проект «Коллекция адаптивной одежды для людей с ограниченными возможностями здоровья». Все ребята получили дипломы участников, множество полезных контактов и море положительных эмоций!  (материал телеграммм-канала https://t.me/mineconomrazvitia73)
  
","['https://uvauga.ru//images/MainNews/otvinta-1-23-0.jpg', 'https://uvauga.ru//images/MainNews/otvinta-23/otvinta-1-23-1.jpg', 'https://uvauga.ru//images/MainNews/otvinta-23/otvinta-1-23-2.jpg', 'https://uvauga.ru//images/MainNews/otvinta-23/otvinta-1-23-3.jpg']","['https://uvauga.ru//images/MainNews/otvinta-1-23-0.jpg', 'https://uvauga.ru//images/MainNews/otvinta-23/otvinta-1-23-1.jpg', 'https://uvauga.ru//images/MainNews/otvinta-23/otvinta-1-23-2.jpg', 'https://uvauga.ru//images/MainNews/otvinta-23/otvinta-1-23-3.jpg']"
27,"
			2023 год объявлен Годом педагога и наставника","

Указом Президента Российской Федерации от 27 июня 2022 г. № 401 2023 год объявлен Годом педагога и наставника
",['https://uvauga.ru//images/MainNews/2023-god-pedagoga-1.jpg'],['https://uvauga.ru//images/MainNews/2023-god-pedagoga-1.jpg']
28,"
			«Знание. Первые»","

С 24 по 26 апреля курсанты 4 курса факультета подготовки авиационных специалистов Евгений Воронин и Анастасия Кашаева участвовали в Федеральном просветительском марафоне «Знание. Первые», проходившем в г. Москва. Три дня выступлений самых выдающихся спикеров страны на актуальные темы, связанные с настоящим и будущем страны.Ведущие политические деятели такие как, министр финансов Антон Силуанов, министр экономического развития Максим Решетников, министр просвещения Сергей Кравцов провели лекции об аспектах современной экономики России.«Каждый, кто прослушал множество лекций от ведущих экспертов, сделал выводы о будущей самореализации в нашей стране. Правительство РФ предпринимает большие усилия для успешного трудоустройства молодых специалистов, что не может не радовать!»-комментирует мероприятие Евгений Воронин.«В Год педагога и наставника Просветительский марафон Общества «Знание» приобретает особое значение, ведь в его основе лежит модель наставничества. Наши спикеры делятся личным опытом и вдохновляют молодежь собственным примером.»-рассказал генеральный директор Российского общества «Знание» Максим Древаль.
 
","['https://uvauga.ru//images/MainNews/znanie-1e/znanie-1-00.jpg', 'https://uvauga.ru//images/MainNews/znanie-1e/znanie-1-01.jpg', 'https://uvauga.ru//images/MainNews/znanie-1e/znanie-1-02.jpg']","['https://uvauga.ru//images/MainNews/znanie-1e/znanie-1-00.jpg', 'https://uvauga.ru//images/MainNews/znanie-1e/znanie-1-01.jpg', 'https://uvauga.ru//images/MainNews/znanie-1e/znanie-1-02.jpg']"
29,"
			«Без срока давности»","

Проведение мероприятий в рамках проекта «Без срока давности»
Важный общероссийский проект «Без срока давности» направлен на сохранение исторической памяти о военных преступлениях нацистов и их пособников в годы Великой Отечественной войны. 19 апреля 2023 г. в УИГА в рамках этого проекта состоялся День единых действий в память о геноциде советского народа в годы Великой Отечественной войны 1941 – 1945 гг.
Педагоги кафедры ГиСЭД провели соответствующие занятия с курсантами очной формы обучения. Заведующий кафедрой, кандидат исторических наук, доцент     А.Ш. Айзатуллова в учебных группах П-22-1 и П-22-2 провела дискуссию на основе исторических источников по теме «Преступления против детства». В рамках мероприятия было показано, что геноцид советского народа стал огромной трагедией в российской истории. Доктор исторических наук, профессор кафедры Л.Н. Галимова и кандидат исторических наук, доцент кафедры М.А. Судаков провели занятие в игровой форме в учебной группе УК-22-1. Игра «Экономические потери и достижения СССР в годы Великой Отечественной войны» дала возможность курсантам на основании статистических данных провести самостоятельное исследование по установлению ущерба, нанесенного стране во время Великой Отечественной войны, и результатов от проявления трудового героизма в СССР. 
  
","['https://uvauga.ru//images/MainNews/bez-s-d-23/image-20-04-23-00.jpg', 'https://uvauga.ru//images/MainNews/bez-s-d-23/image-20-04-23-03.jpg', 'https://uvauga.ru//images/MainNews/bez-s-d-23/image-20-04-23-01.jpg', 'https://uvauga.ru//images/MainNews/bez-s-d-23/image-20-04-23-02.jpg']","['https://uvauga.ru//images/MainNews/bez-s-d-23/image-20-04-23-00.jpg', 'https://uvauga.ru//images/MainNews/bez-s-d-23/image-20-04-23-03.jpg', 'https://uvauga.ru//images/MainNews/bez-s-d-23/image-20-04-23-01.jpg', 'https://uvauga.ru//images/MainNews/bez-s-d-23/image-20-04-23-02.jpg']"
30,"
			Помощь семьям военнослужащих #Мы вместе","

 
Пока часть мужского населения России отстаивает интересы страны, их близкие нуждаются в заботе и поддержке. Оказать бытовую помощь, позаниматься с детьми, выгулять домашних животных или просто сделать пожертвование может каждый. Главное — не оставаться в стороне.В рамках общероссийской акции взаимопомощи #МЫВМЕСТЕ, для оказания поддержки семьям мобилизованных и участников специальной военной операции, также в целях оперативной помощи студентам института, поддерживая предложение Курсантского совета от 14.10.2022 года (выписка из протокола № 2) на базе института создан Штаб «Мы вместе». 
По всем вопросам, связанным с мобилизацией обращайтесь на горячую линию 8 800 200 34 11Горячая линия по оказанию помощи психологической помощи8 800 250 18 59
",['https://uvauga.ru//images/MainNews/mi_vmeste.png'],['https://uvauga.ru//images/MainNews/mi_vmeste.png']
31,"
			«Ярмарка вакансий» для обучающихся по специализации «Организация использования воздушного пространства»","

25 апреля 2023 года в Ульяновском институте гражданской авиации имени Главного маршала авиации Б.П. Бугаева при поддержке Генерального директора ФГУП «Госкорпорация по ОрВД» Бобылева Дмитрия Владимировича прошла «Ярмарка вакансий» для обучающихся выпускного курса по специализации «Организация использования воздушного пространства». Мероприятие прошло в режиме видеоконференции.
В «Ярмарке вакансий» приняли участие: Аэронавигация Северо-Востока (г. Магадан), Аэронавигация Дальнего Востока (г. Хабаровск), Аэронавигация Северо-Восточной Сибири (г. Якутск), Аэронавигация Западной Сибири (г. Новосибирск), Аэронавигация Центральной Сибири (г. Красноярск), Аэронавигация Севера Сибири (г. Тюмень), Аэронавигация Восточной Сибири (г.Иркутск) Аэронавигация Урала (г. Екатеринбург), Аэронавигация Центральной Волги (г. Самара) и Аэронавигация Юга (г. Ростов-на-Дону).
Представители филиалов ФГУП «Госкорпорация по ОрВД» рассказали обучающимся о конкретных местах трудоустройства, потребности в выпускниках и условиях отбора кандидатов на работу. Будущие диспетчеры получили от работодателя актуальную информацию и ответы на интересующие вопросы по вопросам трудоустройства.
",['https://uvauga.ru//images/MainNews/yarmarka-vak-oivp-23.jpg'],['https://uvauga.ru//images/MainNews/yarmarka-vak-oivp-23.jpg']
